Yasunori Mitsuda - Secret Of The Forest,IhPGo04SUz0
Sunshine Seaside - Super Mario 3D World,XW7Tdm1Pu38
The Gilded 7 Casino,VPeiAX8DD4A
Winters White,-fwjG6G01OE
Sanctuary Guardians,A_Gj-RJeeng
"Summers, Eternal Tourist Trap",JRfDBPwsiuE
Best VGM 62 - Chrono Trigger - Corridors of Time,faso-bg0VeU
Zora's Domain - Night (The Legend of Zelda: Breath of the Wild OST),cHcLOLJHlMY
【piano】song of storms II,sTca3aufQRQ
Professor Layton and the Unwound Future/The Lost Future OST - The Professors Deductions,3gbWiFxMvNU
Fi's Farewell Theme - The Legend of Zelda: Skyward Sword,lLkv4hJEcE0
Deleted video,kXllNPap39A
Deleted video,RZVyHH-voR8
Layer Cake,C4nTv-pVk0k
Butterfly Kiss,U7OuHvwo62Y
Undertale OST: 063 - It's Raining Somewhere Else,zNd4apsr3WE
Undertale OST: 051 - Another Medium,xLsuam9o9BA
Sidon’s Theme | Breath of the Wild - Original Soundtrack,Vgxq7Go6lYQ
15 The Scorpion,NoJJSNgcVCE
Trophy Gallery - Super Smash Bros. Brawl,VhsrttPbASw
Staff Credits - Mario Kart: Double Dash!!,GLQUAjlL0Vk
Super Mario Kart Music (SNES) - Koopa Beach,VWwGKT5jU-4
DK Snowboard Cross - Mario Kart Wii,ZkTzv-xZOl4
Undertale OST: 065 - CORE,tDuEWw648jo
[Sonic ATS: OST] 2-10 - Wolf Rayet - For Technology Tree Boss Act,SPjAYQsLN0I
Mor Ardain - Roaming the Wastes - Xenoblade Chronicles 2 OST [048],Tx3AbguQZHU
Big Brain Academy - Registration,k3jOYCg2Nuw
Staff Roll - Super M̸̌̊a̴͛̿█̸͌̑i̵̛͊█̷̾̓ 64,4UbxwUE5UGk
Astral Observatory - The Legend of Zelda: Majora's Mask,8bFZsek6kSQ
Spagonia (Day) - Sonic Unleashed [OST],OaBi8i-6COM
[1-19] Living Waterway - Cave Story Remastered Soundtrack,-5WyKoUVWQc
Cave Story 3D OST - White,MvY81bENddQ
Persona PSP Soundtrack - School Days,hrcuIHp4rH0
Bomberman 64 Music: Blue Resort Theme,kLU2JA1XBG8
Endless Ocean: Blue World -- Aquarium/ Let's Get Ready to Dive,p7YCvFRDKEU
Hikari 光  (Simple and Clean) Orchestral Instrumental Version,KGidvt4NTPI
Super Mario Galaxy 2 Soundtrack - Cosmic Cove Galaxy,zcV7RptHqro
Spagonia (Night) - Sonic Unleashed [OST],K8iL8vsKaB4
Corneria - Star Fox - Super Smash Bros. Ultimate,Z-mhMdl9g0w
Pokemon Black and White Music - Abandoned Lot Of Dreams (Better Quality),hV5UfMOklBY
Deleted video,kPe-DC4SnBw
Route 10 - Pokémon Black/Pokémon White - Super Smash Bros. Ultimate,IBWUX-jFtfs
08 - Your Vibe - R4 / Ridge Racer Type 4 / Direct Audio,za5f50e7-j0
OMORI OST - 109 Aquifer,IV_vAW8QfPQ
Rogues Gallery - Mirage Saloon Zone Act 2,sVYf4gSA7bk
Red Streamer Battle - Paper Mario: The Origami King OST,BIHCjBmDSg8
068 - Dialga's Fight to the Finish! - (Pokémon Mystery Dungeon - Explorers of Sky),bPGuiZ48PbA
Battle!! - Torna - Xenoblade Chronicles 2: Torna ~ The Golden Country OST [03],1weNnjzaXbY
Snowman - Super Smash Bros. Brawl,2YpmemArB9I
Final Fantasy VII  - Bombing Mission (Variation),PbtxMnC95oc
Wild Arms - Town Theme,S7jOKDQOeZc
Twilight Princess - Midna's Desperate hour,RVkJW2zAZwQ
1 AM   Animal Crossing Gamecube OST 53,Zx1Y1mGfaME
Mario Kart 64: Frappe Snowland,_WSqi8I9Fls
Tales of Symphonia Music- Fatalize,sm6Wy04Yaj0
Metroid Prime Music- Phendrana Drifts,ZbbUv1hz6mE
Hisstocrat - Super Mario 3D World,G3IiUMuzg3s
Bowser’s Fury OST - Fury Bowser (phase 1),N_z9S7inxZg
"Touch! Generations - 11. The Scent of Color... (from ""DS Bimoji Training"")",h06hlva-C8U
Wii Party Soundtrack - Main Menu Music,fzepGtfHL9A
Sutte Hakkun Music - Stage 5,RNwqWzJyi8E
Mario Kart DS Music - Airship Fortress (HD),oBwC0snlYwo
Fight Against an Armed Boss - Super Mario RPG,v9XiSaJbgVA
Buoy Base Galaxy Theme - Super Mario Galaxy,9Qu_UN9psJ4
Stardust Speedway Zone Act 2 - Sonic Mania [OST],1orb9P194ao
Flying Battery Zone Act 1,27Nv6cweyhM
Skyway Octane - Mirage Saloon Zone Act 1 ST Mix,X8Mzpb2RhNo
Egg Reverie (Egg Reverie Zone) - Sonic Mania [OST],zZG5Uf6JTDE
Kraken of the Sea,E2fjIawImFc
Wii Party Soundtrack 068 - Pop Coaster,6qgJEawaUcc
103 Soaring Illusions - Pokémon Omega Ruby & Alpha Sapphire Super Music Collection,3mN1ljO99Ls
Xenoblade Chronicles OST - Colony 9 (Night),MLHmZ7FI1yA
Great Fairy Fountain (The Legend of Zelda: Breath of the Wild OST),vQf36-oa6p0
Universal Collapse,srjhoxEE4Uk
Persona 4 - Like A Dream Come True,VmzGeQlyanM
Soleanna New City - Sonic the Hedgehog [OST],nfm0nyKz7Mg
Kirby and the Rainbow Curse: Figurine Showcase,AP9Kq1I-Ifc
Turnabout Jazz Soul - Track 8 - Godot - The Fragrance of Dark Coffee,HMnrl0tmd3k
East Province (Riding) - Pokémon Scarlet and Violet OST (Gamerip),6b43cj59ZCM
Cascarrafa (Water Gym) – Pokémon Scarlet & Violet: Original Soundtrack OST,HpB5PaQkkQc
Persona 2 Innocent Sins OST Maya's theme,r5fD08Udnus
Colosseum Battle 2 (Cipher Peon Battle - Pokémon Colosseum) - Pokémon XD: Gale of Darkness OST,wcBrYfytI3I
Wii Party Soundtrack 011 - Swap Meet,Xz4U42sTt-M
065 - The City (Evening),xNuYMFlCrsg
Planet Earthfall - Kirby Star Allies Music,wUuvwY8wr68
Pokemon- Mystery Dungeon Explorers of Sky- Welcome To World Of Pokemon- Music,Xemre8L7hKs
Undertale OST: 006 - Uwa!! So Temperate♫,rHU4rpQUshg
Pokemon Black & White 2 OST Virbank City,q4_Hyk8Sjic
Route 10 - Pokémon Black/Pokémon White - Super Smash Bros. Ultimate,IBWUX-jFtfs
12 PM - Animal Crossing: New Horizons Soundtrack,KJp488yN3VM
Thrills at Night - Paper Mario: The Origami King OST,9GzHkRyealo
Pokemon- Mystery Dungeon Explorers of Sky- Through The Sea Of Time- Music,8aTOaRB_XX4
Pokemon Mystery Dungeon 2 OST 81 Surrounded Sea (Alternate),B8NbiZWlXPY
Brinstar [Metroid] - Super Smash Bros. Melee,UppBxHraF-o
Super Smash Bros Brawl Music -Final Destination- (HD),P03SlFSmeXo
Animal Crossing City Folk Music: The Roost,G3HxOx0Z1DA
Sound Test Unlocked! Best VGM 690 - In Broad Daylight (Chibi-Robo!),wfYNCTxwS5U
Betty Botter bought some Butter - Practise English !,TfhSVgTtazI
All Star Rest Area - Super Smash Bros. Melee,oFVIolwrwY0
Pokémon Sword & Shield - Bede Battle Music (HQ),z_TPXbH7ee4
Best VGM 452 - Phoenix Wright : Ace Attorney - Turnabout Courtroom ~ Trial,I0qRBi2PkFw
Pokémon Scarlet & Violet - Final Boss Battle Music (HQ),pTj1v1sAYXQ
Pokémon Scarlet & Violet - Team Star Boss Battle Music (HQ),uRbDCEJ23WI
"You've Come Far, Ness",o7vmukGvMpA
Best VGM 206 - Yoshi's Island - Castle,fGAiXAvD5ps
Kurikinton - FATAL FURY 2 - [Remix] - Super Smash Bros. Ultimate,UZld28TkIjU
Best VGM 221 - Secret of Mana - Into the Thick of It,K2gQjvxeWh0
Choose a Colosseum Theme - Pokémon Battle Revolution,xz0bvCJx4S8
Best VGM 231 - Wild Arms 5 - Terrible Monster Attacking Crew,2wYAjt6otzc
Best VGM 235 - Atelier Iris 3: Grand Phantasm - Rain of Blossoms,_Gh7HmAGawM
Castlevania SOTN: Dance of Pales,Oquad3rnZSI
Wandering Ghosts,_JtTscKXXFA
Pokémon Sword & Shield - Gym Leader Battle Music (Full),hcV6xVukj60
In the wake of Doshin the GIANT ~ Yellow Giant,t94DyU_h2Jc
Pokémon Battle Revolution Music - Crystal Colosseum,QB5jV_UumVo
Best VGM 289 - Romancing SaGa : Minstrel Song - Prelude to Battle,7LnaqYfcv7c
Alec's Log House,4QcjiJUmO4c
Doshin The Giant 1 (64DD) OST - Time ~ Yellow Giant,W49zNNr0ywc
Private video,ZHE_6hO-Yq4
Sewer Surfin | TMNT IV,RfyYuWCh44A
Final Fantasy Mystic Quest: Boss Battle,SUGDp39srk0
Beware the Forest's Mushrooms - Super Mario RPG,iudB3TreJfM
Sad Song - Super Mario RPG: Legend of the Seven Stars (Rip GiIvaSunner),KQxeGYjJZBM
Earthworm Jim Music SNES - New Junk City,MQtCYajY6O8
Breath of Fire - Battling (SNES OST),g05blrSr3ZQ
Planet Popstar - Kirby's Return to Dream Land Soundtrack,r4EDYvrVTeI
Hole in One - Rhythm Heaven Fever,MF0L5aRUgYw
Main Theme (Title Screen) - Paper Mario: Color Splash OST,rxTY9sgvUwA
Pilot Wings 64 OST 04 - Hanglider,Q9Pga-y7F8k
Excitebike World Rally - Canada,NlkAQDJNPPQ
Tutorial - Panel de Pon (Nintendo Puzzle Collection) Music - Extended,p5LfoQDEoug
[Hotel Dusk: Room 215] 18 -- Monochrome,4Hav61IRdnw
America's Test Kitchen: Let's Get Cooking - Cooking Theme #9 - Fast Bossa Beets,QbfKc-Ny7Ss
Private video,VPt9ESWv-Lk
World 2: Area 2: Coastal Canopy B - Kururin Squash!,JRnNAqDyVCg
5) Kururin Squash! BGM World C1 (Published by Nintendo),WpQck-d19X8
Tunnel - Rhythm Heaven,Fc2unW2MBkM
Pokemon Channel OST (Clean Rip) - Cobalt Coast,IqVn2KTFtpg
My Pokemon Ranch OST My Ranch Day Theme,EpGsV9ZLULE
Picross 3D Round 2 OST - Challenge,JwA2nsL29i4
Pokemon Channel OST (Clean Rip) - Odd One Out,B518CkOvtKA
Pokémon Channel - Outdoors (Highest Quality),FYW6MX0nGk8
Shopping Channel (Shop 'N Squirtle) - Pokémon Channel,w_mpEMY820E
Pokémon HeartGold / SoulSilver Music - Game Corner and Lucky Channel (Radio),Jb6Kwd8KWNg
Tokyo Blur- Mario Kart 8 Deluxe Booster Course Pass OST,b-MJkIcE8MY
Tour Sydney Sprint - Mario Kart 8 Deluxe Booster Course Pass Music,1xJ3hVhsQEI
Tour Singapore Speedway - Mario Kart 8 Deluxe Booster Course Pass Music,-JfhBus8qvU
Toad Harbor - Mario Kart 8 Deluxe OST,YEpbMGxQTVQ
Bowser's Castle - Mario Kart 8 Deluxe OST,MDhG8I9Bhdg
N64 Rainbow Road - Mario Kart 8 Deluxe OST,NuG53TOJqlo
Dragon Driftway - Mario Kart 8 Deluxe OST,AWc_PbH1cCM
Mute City - Mario Kart 8 Deluxe OST,-yW4CMjpeNk
GBA Cheese Land - Mario Kart 8 Deluxe OST,X1lFaO6VSwA
Bouncy Beanstalk Walk - Yoshi's New Island OST,wtalpUoqKdk
Nutty Noon - Kirby's Return to Dream Land,A2RtQoDpQQ4
Donkey Kong Country: Tropical Freeze Soundtrack - Irate Eight,JDiPCSXJZy0
Aurora Area - Kirby's Return to Dream Land,tBPsDHJpZAo
Ability Room - Kirby's Return to Dream Land,WQ7yvcixTVc
Prisma Museum - Paper Mario: Color Splash OST,laOQiRYyWI0
Bloo Bay Beach - Paper Mario: Color Splash OST,VaYWUmMTjx0
Clip Joint Calamity,RRCiA55yZe0
Cuphead OST - Carnival Kerfuffle [Music],XORwfYUH23Y
Chibi Robo! 41 Funkmaster Flower Training,XTLyJrxs5HI
Donkey Kong Country: Tropical Freeze Soundtrack - Deep Keep,XT08seC4JDg
Yakuza 0 OST - 28 Interplanetary Spark,MYB-D9qEwzI
Options - Mario Kart Wii,cETVlUpNDqE
Double Cherry Pass - Super Mario 3D World,taJRNHTpRvM
Chainlink Charge - Super Mario 3D World,47TqbbDWSwg
Toad Factory - Mario Kart Wii,F6oDoGqSk2g
Grass Land - Yoshi's Safari,c6a_zOEh5sY
Wave Race 64 (Music) - Config,Rk6xc9nwaFg
Title Theme - The Legend of Zelda: Ocarina of Time,CKA1zCwcYBE
Zora's Domain - The Legend of Zelda: Ocarina of Time,xj4PnLv5Irs
Mini Boss - The Legend of Zelda: The Wind Waker,NnZk4wMaWbo
The Credits Roll - Super Mario 3D World,rMUOAe4XDvU
Lake Lapcat - Bowser's Fury OST,SlYod3BRCxY
Pokémon Sword & Shield - Hop Battle Music (HQ),g0HuqoKre3Y
Bubblaine - Super Mario Odyssey,2GqvFXkBcts
"Persona 5 OST 01 - Wake Up, Get Up, Get Out There",yzPCRCUfAuQ
Persona 3 OST - Mass Destruction,6jFaoLrLzd4
"Lights, Camera, Action! - Studiopolis Zone Act 1",PvuYSybooLg
Mint Potion - ALCHEMY (Shovel Knight Plague of Shadows OST),XjKLtJkabss
Ballad of the Goddess Theme - The Legend of Zelda: Skyward Sword,Cdz8bhOFo0s
Wing Ceremony Theme - The Legend of Zelda: Skyward Sword,NmtqWIF3GI0
Lord Ghirahim Theme - The Legend of Zelda: Skyward Sword,fcxLtvJu0_A
Mogma Theme - The Legend of Zelda: Skyward Sword,-iKz9Ug3sJY
Final Ghirahim Theme - The Legend of Zelda: Skyward Sword,ohGVo97V9WU
Stalfos Theme - The Legend of Zelda: Skyward Sword,1ilC01aCgF4
Training Center - Pokémon Duel OST,D97Gne8XVog
Jubilife City (Night)[Pokémon: Diamond & Pearl],RF8iHFM5mBI
Private video,k5onzXcZUI4
Pokemon Sun & Moon OST Malie City (Night) Music,70qYGxqjFhU
Bayonetta 2 - Battle OST 2 - Tomorrow Is Mine (Bayonetta 2 Theme),q_hCSCgX8A8
Scherzo Di Notte,hk-7eifOh1E
Hollow Bastion,cnfnFnHDzeE
Shrouding Dark Cloud,0vybk5QI7gI
An Obstacle in Our Path - Xenoblade Chronicles: Definitive Edition OST [052] [DE],f7iS7F-jUv8
Incoming! - Xenoblade Chronicles 2 OST [009],zukZtQQ2hDU
Good Egg Galaxy - Super Mario Galaxy,LyzlPC43ugU
[High Quality] Shadow of the Colossus OST 13 - Revived Power,iUjkBRKg2q0
Abzu OST - Their Waters Were Mingled Together,hPZTeL9s6VI
Super Mario 64 - Staff Roll- HD,XI12BK9VC3U
Pokémon Legends: Arceus - Pokémon Wielder Volo Battle Music (HQ),0yqm7vrCp-g
January 2015 - Nintendo eShop Music,q8FL2crrVV4
Daisy Circuit Theme - Wii Mario Kart OST,thSVBWx-tBo
Windmill Isle (Day) - Sonic Unleashed [OST],2b8TKhIz_ZY
Obsidian Fieldlands 2 - Pokémon Legends: Arceus (Gamerip),kLHj0z3VZZs
Cooking Mama Cuisine OST – 3. Preparation for Cooking,er0zn7I3tzg
Contest - Runway 00 - Style Savvy: Trendsetters,gI2-CuPEvH4
OMORI OST - 086 World's End Valentine,rlQd9qWKjLM
OMORI OST - 081 Splintered Sweets In The Castle,HLHvRifRS9U
OMORI OST - 105 Jawbreaker,Cmj8FDbUdF8
OMORI OST - 124 Flouring With You,3YBe5w0gBTo
OMORI OST - 125 BREADY STEADY GO,QL_MA9kQ-0o
OMORI OST - 130 Tee-hee Time,n9gm9lP_4Gk
OMORI OST - 172 DUET,ACon4txJiDA
Dearly Beloved -Swing Version- | Super Smash Bros. Ultimate ost.,X9H6eKt_TJg
Undertale OST: 068 - Death by Glamour,2TgO-tN5wAM
Marvel vs. Capcom 2 OST - Clock Tower Stage,6tb0c0yb650
Professor Layton and the Last Time Travel OST 28 - The Professor's Trunk (Minicar) (HQ Version),oKJJPw8VmvI
The Yaschas Massif (Final Fantasy XIII),XR6k5ZcU568
Gravity Rush OST - Pleasure Quarter,BxIC6Vu1ee0
Cooking Guide - Flowchart,4e4zFsRUUgg
Woods Wayfarer - Kirby's Return to Dream Land Soundtrack,Ux-KHnfFGB4
OMORI OST - 005 By Your Side.,7GIWV__qx4M
OMORI OST - 023 THE VENGEANCE OF THOSE FORGOTTEN IN DARKNESS,9hqWe-Fr4ko
OMORI OST -  072 Those Who Forget History,y4JRowX8dcQ
OMORI OST - 075 Forest Frenzy,0IWU-9_BuQw
OMORI OST - 082 Wandering Rose,LXn3FNYzvwo
OMORI OST - 103 Gator Gambol,XAUoNdt-0hs
OMORI OST - 106 GOLDENVENGEANCE,PqQC_gl5k0w
OMORI OST - 116 Underwater Prom Queens,7xl5kRE19y4
Gravity Rush OST - GRAVITY DAZE,5Ac3lcvdl1s
Gravity Rush OST - Resistance and Extermination,Gfxf4x3L1bs
Gravity Rush OST - Douse Shinundakara,oWrKHWpLn0U
Terraria Music - Boss 2,8E8YdqLG5c8
[Official] Celeste B-Sides - 03 - Christa Lee - Celestial Resort (Good Karma Mix),X-fmYK81MUQ
Super Meat Boy: The Battle of Lil' Slugger (Indie Game Music HD),WL-8rU8ltA4
Bring On the Super Ability - Kirby's Return to Dream Land Soundtrack,36U7yjhsA_c
Dreaming of Clouds - Kirby's Return to Dream Land Soundtrack,MWxSx_waRIY
Another Dimension - Kirby's Return to Dream Land Soundtrack,sIhXwrJ8x-0
Dangerous Dinner - Kirby's Return to Dream Land Soundtrack,FJ9fwC42wY4
Haldera Volcano - Kirby's Return to Dream Land Soundtrack,1w21TDqssGU
VS Waddle Tank - Kirby's Return to Dream Land Soundtrack,vZ3_ByeAmfw
Hot! Elemental Boss Battle - Magolor Epilogue Original Soundtrack,0bWUiwT49-Y
Ordeal Doors (Ability Challenge) - Magolor Epilogue Original Soundtrack,rFEXClefx44
Main Theme - The Legend of Zelda: Tears of the Kingdom,2yuKMCPzokA
Wind Dungeon | Music / Soundtrack from Legend of Zelda Tears of the Kingdom OST,4qHz_Q6shDM
Pokémon X & Y Music - Boutique,oUCkm5_sWtw
Colgera Wind Dungeon Boss Battle | Zelda Tears of the Kingdom Soundtrack,u7OPgmFnh0w
Orchestra Piece #1 - The Legend of Zelda: Twilight Princess,rpzvi2WL5L8
Kaleidoscopic Core (Combat Theme 9) - Xenoblade Chronicles 3 OST [011],u0Ci0bMEKc8
Sonic Mania OST - Press Garden Act 2,MlkO3OJhjYE
During the Test - Persona 3,Vnc-xf6JjXY
Afternoon Break,xD0KcqUbCy4
Personal Trainer: Cooking - Super Smash Bros. Ultimate,la_D9UATlnA
Donkey Kong Country: Tropical Freeze Soundtrack - Windmill Hills,U1vsBsCoK_I
3-02. Wind Blowing on Earthfall - KIRBY STAR ALLIES: THE ORIGINAL SOUNDTRACK,KF0dG9i7AXI
The Legend of Zelda: Tears of the Kingdom OST - Soundtrack | Last Catch | 2023,BZQJTpuw5gY
Monster Army - The Legend of Zelda: Tears of the Kingdom OST,8NsYsDtRZ_o
The Legend of Zelda: Tears of the Kingdom OST - Soundtrack | Sandworm | 2023,P0zqROskyoM
Title - The Legend of Zelda: Tears of the Kingdom OST,fcLKaNLN5Xg
The Legend of Zelda: Tears of the Kingdom OST Soundtrack | Dragon Darkness (Complete) | 2023,uZJ2Dc-MztE
Bamboo Island - The Legend of Zelda: Skyward Sword,xWCSEQEWvAs
Shopping in Wakeport - Mario & Luigi: Dream Team Music,Axnf6OKxjXs
Mario Artist: Talent Studio - The Catwalk (Act 1) -,84v5R4aQ-4c
Tour Vancouver Velocity - Mario Kart 8 Deluxe Booster Course Pass Music,jFTUxfCwCFE
Namachuukei 68 (X68000) - Game Over,H8KTWBgpdxE
Cyber Space 2-1: Slice & Sway,1FKqm23-S40
Laura Shigihara - Zombies On Your Lawn [INSTRUMENTAL],ngPLvtKz4Yg
Mario Party 1 OST - Play A Mini-Game,TGrWq6CvD04
Tokyo Xanadu OST - The Usual Morning,vP8TQLpa6ZU
Carpenter Brut - You're mine (from Furi original soundtrack),gQ5gtInauiI
CHRONO CROSS ～時の傷痕～,40BZyMdDG4s
Tal Tal Heights - The Legend of Zelda: Link's Awakening (2019) (Switch) (OST),IQm7VjQSn6I
Kingdom Hearts Birth by Sleep Final Mix OST - Forze dell'Oscurita,QXGSZjLhwKc
Sea Bottom Segue - Sonic Lost World [OST],3CR6kKsy_LA
Edge of Existence,yVl3QRNkb8A
Conquest (Ablaze) - Fire Emblem Awakening,Cf7KoqzSN8E
Rude Buster,GPL5Hkl11IQ
THE WORLD REVOLVING,Z01Tsgwe2dQ
Serpent Eating the Ground   Bravely Default OST Final Boss Theme High Quality,pRFgviKp5hA
"Still, Move Forward! (Combat Theme 3) - Xenoblade Chronicles 2 OST [078]",512pcIZOjm0
Undertale OST: 036 - Dummy!,N3epEVMNJdY
Xenoblade Chronicles OST - You Will Know Our Names,g7yNyhLOIa4
Xenoblade Chronicles OST - Mechanical Rhythm,Q0W0VyaoZzY
Counterattack - Xenoblade Chronicles 2 OST [008],aElM_uHL00E
Xenoblade Chronicles OST - Gaur Plain,UDJtsfR51To
The Best of Retro VGM #2730 - Namachuukei 68 (Sharp X68000) - Pro Baseball News,HQIKLIWu-U4
Super Mario 3D Land OST  - Special World 8 Map Medley,uR3Jc5CTt8Q
Temple Trouble (Intro) - Sonic & All-Stars Racing Transformed [OST],bG65X4yJS4M
Gran Turismo 5 Soundtrack: Wind from Rio - Yasuo Sakou (Bossanova),GuEoVUjJpnU
A Hat in Time OST - 66 Scootin' Through Clocktowers Beneath The Sea,CbmjqyB41vI
Fight On! - Super Smash Bros. Ultimate,rNNyLbBWeqM
NiGHTS And Reala,iKbBnUEeX9k
Magikarp Festival - Pokkén Tournament,x3VCkfR2NKQ
Super Bomberman R: Ending Theme Song 2 - Hero (English Ver.),QTwq3iRFZdE
Dark Mirage - Kirby Star Allies (3.0.0 Update),u9-IIicfdng
1-20. Macho of Dedede - KIRBY STAR ALLIES: THE ORIGINAL SOUNDTRACK,cB0AeRHdzZs
Dark Pit's Theme | Super Smash Bros. Ultimate ost.,ieLL_jQJ3mM
Menu - Kirby Air Ride,XU5C6SD-x6A
Overworld Theme - Super Mario Bros. Wonder OST,dFi-E4q0Ulg
[Sonic BTS'12 OST] 1-22 Metro Madness Act 1,9nQVQb2yxjY
R: Racing Evolution OST - 10 - Monte Carlo,urTO5J138YM
Sota Fujimori - Feel the Vibe [World Soccer: Winning Eleven 10],Kr9xgFJDGZg
International Superstar Soccer Deluxe OST - 06 Further Challenges,IIyjAMfpMTc
Mighty Switch Force 2 OST - Track 04 - Soft Collision,6U-ClAlzwZ4
Wonder: Stampede ‐ Super Mario Bros. Wonder OST,hXCVSSi9J9c
Passionate & Silent Sea - Billy Hatcher and the Giant Egg [OST],AP43ttXPVBs
Bossa Nova of Briny Air - Billy Hatcher and the Giant Egg [OST],MeVRMo1n8b8
Legendary Egg - Billy Hatcher and the Giant Egg [OST],9WBzQHFcb2I
Kirby Air Ride: Checker Knights/Destruction Derby,cc3Kp89wzD8
Kirby Air Ride: Forest Stage,CZvJRyQqv98
Revenge of Meta Knight 2: Kirby Air Ride,Z3BWqqwG2EY
Kirby Air Ride - (Top Ride) Metal,eTvPXEghbqE
Float Islands - Kirby Air Ride,_Oo63PWcAUA
City Trial - Kirby Air Ride OST,A2AlkUV5Po8
Legendary Air Ride Machine - Kirby Air Ride,PWVod6LkgOc
Sonic Superstars OST - Speed Jungle Zone Act 1,BqwlKkT-okM
Apotos (Day) - Sonic Unleashed [OST],kmC6OImeNXY
Windmill Isle (Night) - Sonic Unleashed [OST],uixF6EJH7WM
Savannah Citadel (Day) - Sonic Unleashed [OST],mJMtNOj4PaE
Rooftop Run (Day) - Sonic Unleashed [OST],B0I9M86BnF4
Dragon Road (Day) - Sonic Unleashed [OST],E7ldFrIdHZU
Jungle Joyride (Night) - Sonic Unleashed [OST],UF3XUXWCxBs
Jungle Joyride (Day) - Sonic Unleashed [OST],q9V363tCcHU
Eggmanland (Day) - Sonic Unleashed [OST],NdYmgYIrsX8
Mighty Switch Force 2 OST - Track 01 - Title,Ia33wFGsHbg
オバアチャン,f03IHCr9dJY
愚カシイ機械,NwlPsvXaLy8
流砂ノ神殿,C1ztL9-Ld4s
イニシエノウタ/運命,5FaEtvA_11A
イニシエノウタ - Lost Androids Mixuxux,txYNTx_-Vxk
イニシエノウタ,ecrrUd2HOCE
Autumn Mountain - Paper Mario: The Origami King OST,h-xnSuonaZw
Boss Battle,LLWSkMt9-rA
Boss Battle 2,SI-tAn2AkHs
World Revolution - Chrono Trigger,XcdTs5X6fV4
Mario Golf 64 (Music) - Toad Highlands,806KyO4lzcU
Shooting Star Summit — Paper Mario (Restored/Uncompressed),n6jyuaga-M0
Battle Fanfare - Paper Mario (N64) Soundtrack,rt817S4WOAI
Attack of the Koopa Bros. - Paper Mario (N64) Soundtrack,0zMBwK4MRwc
Skyscraper Scamper (Night) - Sonic Unleashed [OST],pA1a4nzyM1Q
Persona 5 OST 04 - Life Will Change,7LqTCYxFMlU
Rage Awakened,Aa7SyxcKTbs
The 13th Struggle,dAAnOQxL5HI
Darkness of the Unknown (Armored Xemnas 2) ~ Kingdom Hearts HD 2.5 ReMIX Remastered OST,IKGHpO5Pnqo
specialist,RtO3R4F6bqg
Sinister Sundown - Kingdom Hearts 2.5 HD ReMIX,5bq9MjUvWwc
Waltz of the Damned - Kingdom Hearts 2.5 HD ReMIX,8c8Bb9qh6dY
Sen no Kiseki OST - The Glint of Cold Steel,R1tI_idiwnQ
Kirby Air Ride: Celestial Valley,Ht-ll1LThRo
F-Zero - Port Town (Super Nintendo),Ise3eGYFWHA
Super Smash Bros Melee - Opening - No SFX,Damxx4K_Yo8
The King's Court,1vyZSJl4cPM
Thunder Force IV OST 06 - Evil Destroyer,rYPcte3BlPw
Dodonpachi Saidaioujou - Michi (Stage 5) - remastered with proper fade-out,10De8ut6tpA
Eggman Mean Bean (Chemical Plant Zone Boss) - Sonic Mania [OST],Fu-ZxTHKeDg
Undertale OST - Ruins,86g6xV2Bho8
Undertale OST - Spear of Justice,ddBnwKd3Ozc
Undertale OST - Stronger Monsters,ORGgMggFzCQ
Undertale OST - Hotel,_vi-jjQfjZg
"Undertale OST - Can You Really Call This A Hotel, I Didn't Receive A Mint On My Pillow Or Anything",xHiOWIvhcZM
Undertale OST - Death Report,cg_jw6-QZf0
Undertale OST - Song That Might Play When You Fight Sans,3PS24-_T1U4
Undertale OST - Amalgam,4Xgxnd_IvBE
Undertale OST - SAVE the World,DToQqx3M3RE
Koloktos / Moldarach - The Legend of Zelda: Skyward Sword,7tF2Gtdc_90
Tropical Resort (Act 1) - Sonic Colors [OST],hSECFuQd4ug
Jena Anderson - Astral Chain,JdmWtzNP8aw
Muramasa: The Demon Blade OST - Seasonal Beauties B,9t_IdRMe4CE
06 - Pearl Blue Soul - R4 / Ridge Racer Type 4 / Direct Audio,X7qFf6jF5WQ
ChainDive - Track 24 (Movin' On) - Original Game Soundtrack,HNaJ3vlCWg4
One Step From Eden - Battle of Fire I,lL7KUcJf3dE
Blazing Star - Ascenseur (Stage 3),996weaR0OlY
Sonic Colors Ultimate OST: Planet Wisp (Act 1),0ETzHz9PVyI
Plok! SNES Music - Boss,peuTnilEv9g
Paper Mario - The Origami King - Temple Of Shrooms Record #3 - MAX Power (Looped),Cbh34EIFoBw
Dance! - Persona 4 Dancing All Night,497kvOLTH4A
Mission (Super Sonic Racing) - Sonic Generations [OST],knCht1R_-1A
Back in Time - Sonic R [OST],L_5dFQG5ePw
Tekken 4 OST - Kitsch (Beach Stage),380rSziMpxg
U-four-ia - The Saga (NES) Music - Boss Battle,eH1ltotn_Ho
Shenmue Music: Slot House,j5DRJ8miU34
Thunderblight Ganon Battle (The Legend of Zelda: Breath of the Wild OST),J21hyL_92Ew
AAI Miles Edgeworth - Music: Pursuit ~ Lying Coldly,7JveQT6DfYk
Crypt of the NecroDancer OST - Konga Conga Kappa (King Conga),WUAq7-YpO0w
Radical City : Living In The City,CLfPqOQDcKc
Dragon Quest III Symphonic Suite - Adventure,f0jJ2u2rk3k
Casino Night Pinball - Sonic Generations [OST],A6hkM04HY8M
Journey to Silius (NES) Music - Title Theme,MKYnHV7Ks_s
Rockman 8 Music - Electrical Communication Full Version,pOtQQV7jrS8
Sonic Mania OST - Theme of the Hard-Boiled Heavies,VW6TtXKVLYg
War Cry - Super Smash Bros. Ultimate,1Rimk5C2m1o
Unflinchable Courage - Super Smash Bros. Ultimate,dWJwc5zPJ0k
Penny's Theme (full) - WarioWare: Smooth Moves,fkgT-IFb7Bc
Silver Surfer - Level 1 - Nes Music,-J0H5ah1G7A
Best VGM 634 - Mana Khemia - Nefertiti,xHinZ07LiMQ
Best VGM 654 - Arcana - Decisive Battle,wHD8AQoUGPU
Best VGM 655 - Pokemon XD : Gale of Darkness - Mirror B! Battle!,59Iu4V3s4AE
Best VGM 677 - Atelier Iris 2 : The Azoth of Destiny - To the Underground Tunnel,iJDeYm937is
Rivals Of Aether Soundtrack - 14. Lightning Pandemonium,qpBI9p_BcgE
Best VGM 16 - Grandia II - Fight!! Ver.4 ~ Final Battle,XS18_IIIEp0
Final Fantasy VI Music (SNES) The Decisive Battle,1NKZt4RSwNI
Final Fantasy VI Music (SNES) Phantom Train,shWs0v-uKqc
Final Fantasy VI Music (SNES) Blackjack,cwLnpfD0lsw
Ace Attorney Investigations: Miles Edgeworth - Calisto Yew ~ Let Me Laugh at the Cool,2nNsmuTuIjc
Trainers' Eyes Meet (Tourist) - Pokémon X & Pokémon Y (OST),f7g_QwHrMfw
Professor Sycamore's Theme - Pokémon X & Pokémon Y (OST),HApAtD3XbP8
Trainers' Eyes Meet (Maid) - Pokémon X & Pokémon Y (OST),c-avOhUAyTY
Trainers' Eyes Meet (Swimmer♀) - Pokémon X & Pokémon Y (OST),j1BH29hU6o4
Tower of Mastery - Pokémon X & Pokémon Y (OST),-QbhmZFDKI0
"How About a Song? ""An Unwavering Heart"" - Pokémon X & Pokémon Y (OST)",aEJnFgvDTL4
The Kalos Power Plant - Pokémon X & Pokémon Y (OST),ztz2u94I5Ks
Route 15 - Pokémon X & Pokémon Y (OST),nNX59JCldWg
Battle! (Xerneas/Yveltal) - Pokémon X & Pokémon Y (OST),UdTXbI4nYSs
Trainers' Eyes Meet (Ace Trainer) - Pokémon X & Pokémon Y (OST),begSm0qZd3o
Coiffure Clips - Pokémon X & Pokémon Y (OST),nuXbol65wrg
Tile Puzzle - Pokémon X & Pokémon Y (OST),IyWrq7KLKEc
Super Training! - Pokémon X & Pokémon Y (OST),Mz7cIIG00jU
Puzzle Battle,OBIv-NTv9Dg
Kirby 64: The Crystal Shards - Boss Battle Theme,6-skm1f8tYw
Sidon's theme - The Legend Of Zelda Tears Of The Kingdom,svNpjWjFULU
Boss Battle Song 1 - Super Smash Bros. Brawl,09oLJ-qAdPg
The Encounter ~ Kingdom Hearts HD 2.5 ReMIX Remastered OST,tyCbs7qBO14
Boss: Big Arm - Sonic Generations 3DS [OST],MVQjrIcwyEg
Manabu Namiki - Vertex (Stage 1),IeyVsRCfGHg
Rival's Theme - Pokémon Black 2 & Pokémon White 2 (OST),r2Tzb8ByPik
Battle! (Rival) - Pokémon Black 2 & Pokémon White 2 (OST),LXP9bH4Rwrg
Colress's Theme - Pokémon Black 2 & Pokémon White 2 (OST),Yc73QPUP12k
Underground Ruins - Pokémon Black 2 & Pokémon White 2 (OST),xXvBqsT41GE
Black Tower - Pokémon Black 2 & Pokémon White 2 (OST),kvpafpKujEg
White Treehollow - Pokémon Black 2 & Pokémon White 2 (OST),1-khwpJafkQ
Battle! (Champion Iris) - Pokémon Black 2 & Pokémon White 2 (OST),BDaH0OF_zFY
Relic Song - Pokémon Black 2 & Pokémon White 2 (OST),AAtGtY9-UCs
Battle! (Mysterious Being) - Pokémon Sword and Shield (OST),0bTjRQBP35c
Salon - Pokémon Sword and Shield (OST),grV19IJGCGY
Battle! (Team Yell) - Pokémon Sword and Shield (OST),LPT3avUXKY8
Galar Mines - Pokémon Sword and Shield (OST),lfyye9fgrJQ
Stow on Side - Pokémon Sword and Shield (OST),XHHErgTG1hA
Avery's Theme - Pokémon Sword and Shield (OST),1u95mSBNjTk
Guilty Gear XX D.O.A. Character Select theme,Rne3WzeCESA
Fight Against Culex - Super Mario RPG,gLleeJ1Ei5A
Night Walker (Linne's Theme) | Under Night In-Birth [OST],jFc_DY3M0hg
Snow Sisters (Vatista's Theme) | Under Night In-Birth [OST],r3w-jNfWMak
Rushing Heart (Gordeau's Theme) | Under Night In-Birth [OST],Eo9NYGGhp5g
Blood Drain -Again- (Eltnum's Theme) | Under Night In-Birth [OST],IGi84X4HEG0
Cross Thought (Gordeau vs Chaos Theme) | Under Night In-Birth Exe:Late [OST],sRotmSQIi9U
Forceful Step (Mika's Theme) | Under Night In-Birth Exe:Late [st] [OST],AMZo5RCHd2M
Ys: The Oath in Felghana OST - The Boy Who Had Wings,ATBcYQjE6rw
Ys III: Wanderers from Ys (PC Engine CD) - Valestein Castle,ntJ0hzJ4wP4
Ys I&II Chronicles OST - To Make the End of Battle,wPMH-7EdAd8
Gusty Garden Galaxy Theme - Super Mario Galaxy,du3Zz4HrGXA
Professor Layton and The Unwound Future Theme,U-W4iDW5o6Y
Professor Layton and the Diabolical Box - Main Theme ( Live ),BrUaUE09-DI
Meta Crystal - Super Smash Bros.,ixpOdODtLzM
One Piece Pirate Warrior 4 OST   I Want To Live,RqgovHw4yYg
Bayonetta OST - Fly Me To The Moon,oQ2QgcRrWlc
Radiant Historia - The Edge of Green,W-gN-rUxtio
Super Street Fighter IV - Theme of Cammy,6SIfuks6do0
Atelier Shallie OST: Sweep! ~その1~,SL7uRLl3TwI
Professor Layton's Theme (Live Recording Version),zNwmRM-I5LM
Professor Layton and the Last Specter OST - Theme of the Devil's Flute,dfc35_yCbq4
Airship Chase - Professor Layton and the Azran Legacy - Soundtrack,xAIV9H-uNPA
F-Zero X OST - Dream Chaser,3L5EpdtE9Ys
Pokemon Sun & Moon - Lillie Encounter Music (HQ),-t_C-CgJ-3A
Pokémon Sun & Moon - Champion Blue Encounter Music (HQ),WJvEw1koxIM
"Dream Bobsleigh - Stage 1 [""Special Stage - Bonus Challenge"" from Sonic Heroes] - Mario & Sonic at t",MUqdE2Y8HBg
Bowser Jr.'s Mad! - Mario Party 9,1N5eu__k2aM
Donkey Kong Country Returns - Slammin' Steel,9ziNyMLuRm0
The Dreamy Stage (Casinopolis) - Sonic Adventure [OST],LGONx_XKfIw
Donkey Kong Country 2 - Swanky's Swing [Restored],rCdal-AyKzc
World Bowser - Super Mario 3D World,lKRvmxdLPhk
Girls Mode 2 Mix v2,EcjMGyT_rlY
Tokyo Daylight (ATLUS Kozuka Remix),noAUHeER6M4
K.K. House (Aircheck) - Animal Crossing: New Horizons,pbrNbX-_GJQ
When Mother Was There (ATLUS Kitajoh Remix),MSfBcJyUImE
Monster squad ost Opening theme,IVLwAnnXIcw
Stamp Mode - Snipperclips Plus OST,FI_7x89qmac
Daisy Cruiser - Mario Super Sluggers,yMFu4y0obcM
Go Vacation Your Cottage,w035SXRS4m0
Sand-sational Sunset,uZEafkjqEuo
Harvest Moon DS - Opening Theme,GQ7uSVcGjTo
Wii Party Soundtrack 052 - Spotlight Fright,zssSePJAujg
Static Startup,2Wru8CuhY4g
Klaus Veen - Snibbit [Lethal League Blaze OST],jdoLa4ymBR4
Enthusia Professional Racing OST - Running To Horizon,2u_E3PelmRI
Space Mode - Teen Titans Go!: Stellar Showdown [OST],LAGH8CTk5VA
All Nintendo Music ~ Vol. 179 - Winter Gold : 5 - Aerial,BwjVq76GgpY
Below Between Beyond - Ludo - Cafe de Touhou 1,HnC5GTcGMqo
Chocobo Racing Music - Ruins of the Giants,zf2rtkUaDj4
Eighties (trailer/extended version) - PengusStudio - A Summer's End OST,Y-3EBeHCLak
Sonic Dream Team OST - Scrambled Shores act 1,eRl0N5poSOQ
Rainy Day - Animal Crossing Gamecube OST 28,EpSjGQqQ4i0
Stardew Valley OST - Summer (Nature's Crescendo),k0nqXeM-sns
"Nintendo 3DS Internet Settings Theme (High Quality, 2022 Remastered)",wlfxjNeViHk
Nintendo 3DS - Swapdoodle - Stationery Theme,1sjoyJNO9Sg
Rolling Thunder 2 (Jazz Mix) - Namco Video Game Graffiti Volume 9 (1993),qF4kaB--fYw
Wii Moonview Highway - Mario Kart 8 Deluxe Booster Course Pass Music,wqU6MA_VMXI
Xenoblade 3 - A Formidable Enemy [Original Soundtrack ver.],etkiQy3wkQ8
[Blue Archive] Theme 47 - Coffee Cats (Mitsukiyo),O5uPnXjexa0
Brilliant Wings - Xenoblade Chronicles 3 OST - Kenji Hiramatsu,SrfPn2hMuAk
Lost Days of Warmth – Xenoblade Chronicles 3: Original Soundtrack OST,mdPW0AD-DxM
Keves Battle – Xenoblade Chronicles 3: Original Soundtrack OST,z3Q8V0zMvgc
Shining Aspiration ~ Inherited Melody – Xenoblade Chronicles 3: Original Soundtrack OST,uV7RE1A2S48
Immediate Threat (Full Version) – Xenoblade Chronicles 3: Original Soundtrack OST,2vrtuzZfk14
Moebius Battle – Xenoblade Chronicles 3: Original Soundtrack OST,EKsOyTB98As
Millick Meadows (Day) – Xenoblade Chronicles 3: Original Soundtrack OST,liFwQ-SVyj0
Chain Attack! (CORRECT VERSION WITH OVERKILL ENDING AND TRANSITIONS) - XENOBLADE CHRONICLES 3 OST,pRoklPq43Xo
The Great Sea Stirs – Xenoblade Chronicles 3: Original Soundtrack OST,2o9AKynOyJk
New Battle!!! (Full Version) – Xenoblade Chronicles 3: Future Redeemed ~ Original Soundtrack OST,DeBG1g1BRMA
Fogbeasts – Xenoblade Chronicles 3: Future Redeemed ~ Original Soundtrack OST,C-qoVi70ooM
Battle!! (XC2) – Xenoblade Chronicles 3: Original Soundtrack OST,2e2HPBmyeEY
Taking a Breath by the Poolside - Super Mario Odyssey,8NcAglnk2mk
Deadly Premonition OST- Life is Beautiful,rzvXBFwcyek
"Touch! Generations - 19. Kitchen Bossa (from ""Kenkou Ouen Recipe 1000: DS Kondate Zenshuu"")",ft1Z8mt1x0c
Pilotwings ~ Flight Club ~ OST,6dhIaVs7JLw
Lobby Music 1 - Fishing Resort Wii OST (Short Ver.),PUjL4h5TvBM
Sonic CD Tidal Tempest Present JP/EU HD,U2Qr9Bv6Rpw
In the wake of Doshin the GIANT ~ Yellow Giant (Reprise),-9Ng6dTpxCw
Napple Tale: Arsia in Daydream - A Guitar's Rhythm,6U8lPlTK02I
Fly in the Freedom (Instrumental) - Sonic Adventure 2 [OST],Lxr7jwqqnpw
Hotel Kawaii (from トイポップ) - Namco Music Saloon ~from GO VACATION,Sq2axcDTDpA
BGM 6 - Fishing Resort Wii OST (Short Ver.),uDbcbJHl-0U
Mario Sports Mix Music - Mario Stadium,ZzQkjt-7AWw
Ordering Party Food - Food Delivery Channel,-VsZmgAH-xQ
Winning Eleven X / Face 2 Face / 2006,6y5wpFcjryQ
Unity - Fire Emblem Echoes: Shadows of Valentia OST,klsOcWrBPzU
"06 ~ Meeting ""Jaime"" [Harvest Moon: Magical Melody Soundtrack]",aA-pbbAKnaU
13 ~ Fall Theme [Harvest Moon: Magical Melody Soundtrack],TuFJF3TvOyA
Jumping cracker - Napple Tale OST - Yoko Kanno,Gk8pyuWYBt4
